metabolite	reac	bi_gene	up_gene	down_gene	up_metabolite
NADH	MAR09719,MAR01689,MAR01178,MAR01609,MAR03340,MAR05327,MAR20057,MAR00780,MAR01970,MAR06638,MAR06345,MAR04461,MAR06407,MAR07939,MAR01229,MAR03503,MAR05421,MAR04593,MAR00952,MAR00833,MAR05083,MAR05182,MAR01803,MAR03228,MAR00788,MAR01288,MAR03309,MAR06483,MAR12371,MAR03242,MAR05373,MAR05100,MAR01600,MAR04040,MAR03823,MAR00067,MAR06953,MAR06631,MAR08502,MAR07035,MAR06484,MAR00978,MAR03821,MAR08512,MAR07968,MAR00975,MAR05193,MAR06965,MAR08780,MAR04271,MAR05376,MAR05030,MAR02885,MAR03236,MAR08508,MAR01220,MAR20008,MAR20046,MAR04696,MAR03409,MAR03815,MAR01692,MAR05369,MAR00869,MAR05177,MAR05069,MAR06766,MAR20049,MAR20053,MAR03411,MAR01808,MAR01646,MAR06676,MAR05325,MAR00972,MAR05377,MAR03428,MAR03835,MAR03488,MAR06319,MAR01166,MAR03808,MAR08784,MAR04282,MAR05028,MAR08068,MAR08357,MAR04654,MAR03068,MAR06320,MAR05256,MAR03868,MAR06349,MAR03533,MAR00874,MAR05188,MAR04739,MAR06436,MAR01068,MAR09934,MAR05366,MAR08506,MAR00776,MAR01133,MAR03802,MAR05350,MAR06449,MAR01275,MAR04984,MAR03088,MAR08069,MAR03424,MAR05110,MAR03336,MAR20017,MAR11476,MAR06472,MAR06450,MAR06790,MAR20016,MAR08097,MAR03992,MAR03983,MAR03529,MAR05360,MAR02512,MAR03514,MAR04431,MAR07931,MAR00777,MAR03319,MAR02024,MAR05179,MAR04646,MAR00145,MAR01258,MAR08710,MAR09564,MAR08605,MAR00923,MAR03176,MAR02139,MAR01453,MAR06453,MAR20010,MAR00764,MAR03431,MAR03509,MAR01979,MAR08758,MAR06404,MAR20048,MAR01684,MAR06397,MAR03757,MAR00459,MAR01274,MAR03137,MAR03429,MAR00930,MAR01209,MAR05119,MAR01069,MAR06280,MAR05431,MAR03117,MAR03064,MAR00481,MAR02132,MAR06322,MAR03072,MAR03092,MAR00818,MAR03038,MAR03416,MAR01598,MAR06344,MAR04797,MAR00152,MAR03100,MAR06674,MAR00778,MAR20056,MAR05097,MAR08504,MAR04281,MAR00872,MAR02196,MAR03468,MAR01971,MAR01806,MAR08530,MAR03040,MAR03425,MAR12562,MAR04559,MAR01225,MAR03096,MAR00970,MAR00752,MAR06437,MAR20054,MAR04697,MAR01678,MAR20067,MAR03184,MAR20060,MAR06748,MAR04685,MAR06652,MAR08440,MAR08615,MAR04440,MAR08775,MAR05331,MAR03432,MAR12372,MAR01070,MAR03812,MAR00148,MAR04764,MAR06714,MAR01183,MAR04400,MAR05111,MAR05178,MAR00118,MAR04139,MAR02131,MAR03224,MAR03464,MAR06973,MAR03450,MAR06981,MAR03196,MAR01289,MAR03430,MAR00755,MAR06760,MAR06647,MAR01372,MAR01097,MAR05375,MAR01074,MAR06925,MAR01474,MAR04968,MAR10066,MAR06633,MAR04703,MAR02005,MAR08778,MAR08144,MAR01608,MAR20059,MAR01949,MAR12808,MAR01065,MAR00799,MAR03200,MAR04688,MAR04841,MAR03076,MAR03433,MAR06644,MAR06753,MAR02192,MAR01100,MAR02410,MAR07954,MAR00479,MAR05343,MAR03080,MAR03269,MAR01129,MAR04737,MAR00150,MAR00974,MAR01132,MAR02004,MAR07943,MAR00088,MAR03144,MAR03372,MAR01005,MAR12021,MAR01778,MAR06347,MAR03151,MAR03839,MAR03332,MAR03413,MAR09722,MAR02188,MAR01230,MAR00456,MAR01001,MAR06954,MAR01325,MAR04591,MAR03759,MAR05351,MAR04784,MAR04471,MAR03304,MAR04778,MAR05194,MAR01766,MAR01590,MAR03180,MAR05365,MAR03344,MAR03362,MAR03262,MAR20065,MAR08563,MAR03059,MAR01293,MAR06486,MAR03348,MAR03104,MAR03113,MAR03386,MAR06284,MAR20039,MAR01067,MAR13083,MAR03352,MAR03328,MAR07955,MAR02505,MAR03209,MAR03400,MAR09563,MAR00982,MAR05108,MAR00751,MAR05180,MAR00759,MAR01708,MAR01496,MAR05403,MAR04332,MAR03423,MAR03817,MAR08349,MAR04497,MAR03123,MAR03232,MAR03406,MAR05026,MAR01300,MAR00181,MAR05372,MAR01968,MAR03398,MAR04987,MAR04519,MAR03158,MAR03806,MAR03314,MAR08507,MAR01951,MAR00757,MAR05095,MAR00968,MAR04087,MAR01523,MAR02022,MAR01106,MAR01531,MAR03876,MAR20064,MAR01257,MAR00922,MAR03764,MAR00772,MAR04141,MAR03188,MAR00146,MAR03761,MAR03905,MAR00784,MAR03270,MAR08503,MAR03837,MAR05044,MAR00785,MAR05086,MAR09938,MAR04683,MAR01584,MAR01568,MAR01066,MAR03084,MAR01134,MAR02016,MAR20055,MAR00719,MAR06376,MAR06432,MAR03166,MAR07973,MAR05378,MAR08782,MAR07993,MAR03933,MAR05359,MAR09470,MAR04373,MAR20068,MAR02881,MAR01557,MAR04779,MAR05185,MAR05345,MAR06350,MAR03854,MAR03957,MAR03130,MAR01208,MAR06473,MAR03204,MAR03246,MAR04388,MAR00756,MAR06921,MAR04648,MAR06471,MAR06409,MAR03380,MAR03292,MAR02017,MAR00800,MAR00144,MAR03254,MAR04280,MAR04285,MAR03822,MAR05184,MAR20063,MAR02140,MAR03421,MAR05379,MAR05175,MAR03367,MAR01967,MAR05242,MAR04122,MAR03795,MAR01131,MAR03109,MAR01982,MAR03286,MAR01783,MAR03408,MAR00916,MAR03220,MAR03856,MAR04448,MAR03358,MAR20062,MAR06448,MAR03172,MAR09538,MAR05428,MAR20043,MAR05364,MAR20058,MAR11479,MAR03454,MAR03407,MAR20006,MAR04689,MAR20050,MAR04202,MAR01228,MAR06452,MAR00927,MAR07971,MAR01130,MAR06519,MAR03925,MAR00774,MAR01103,MAR03869,MAR03278,MAR03524,MAR08653,MAR06646,MAR06675,MAR03414,MAR13003,MAR00151,MAR04667,MAR04470,MAR00149,MAR03427,MAR08352,MAR04315,MAR01165,MAR07038,MAR07930,MAR00977,MAR06285,MAR00186,MAR01101,MAR20061,MAR06433,MAR01613,MAR05988,MAR08786,MAR00147,MAR05025,MAR00051,MAR20047,MAR01611,MAR05189,MAR03192,MAR01941,MAR01738,MAR00114,MAR03282,MAR06756,MAR20051,MAR02767	EHHADH@HSD3B7@ADH4@ALDH3A2@DHFR2@HSD17B12@MMAA@RDH5@DLD@LDHAL6B@GAPDHS@CRYL1@AKR1C4@CYB5R2@DHFR@MTHFD2L@AKR1C3@RDH16@UBAC2@MTHFD1@MDH2@ALDH7A1@ADH1C@H6PD@HSD17B4@BDH1@ACAA1@CYB5R3@HSD17B14@MDH1@PYCR3@ALDH1B1@CYB5R4@HSD11B2@LDHA@LDHB@ALDH1A2@DHRS2@LDHD@GAPDH@HSD17B10@PTGR1@BDH2@HSD11B1L@CYB5R1@SDR42E1@HSD17B6@QDPR@PYCR2@HADH@RLBP1@CBR4@PGLS@ADH1A@CYB5RL@PHGDH@ADH1B@RDH14@ALDH3B1@HSD3B1@AKR1B15@FAR1@CTBP1@FAR2@RDH13@HPGD@CYP27A1@SDR9C7@GLUD1@ADH6@ADHFE1@HSD3B2@PYCR1@MTHFD2@ALDH1A1@ALDH2@RDH10@AKR1C1@ALDH8A1@ADH5@SDR16C5@ADH7@HSD17B11@RDH12@DHPS@TECRL@HSD17B8@MDH1B@WWOX@RBP3@ALDH3A1@NQO2@ALDH1A3@HTATIP2@GLUD2@SORD@LDHAL6A@MMAB@HADHA@LDHC@DHRS4L2@NQO1@AKR1B10@ALDH3B2@ALDH4A1@ALDH9A1	MECR@IMPDH1@SLC27A4@SCCPDH@HADHB@ECI2@ACOT4@ALDH6A1@ACOX1@UGDH@CHDH@ACOT8@AOX1@DECR2@ECH1@AMACR@DECR1@CYP2C9@ALDH18A1@ACADL@IDH3A@ACADM@ACAD9@NSDHL@ACADVL@ACOT1@ALDH1L1@ECHS1@ECI1@ALDH5A1@IMPDH2@BAAT@ME3@SLC27A3@SLC27A1@ACADS@AASDH@PHYH@HIBADH@MSMO1@ACSF3@PECR@ACOX3@CBR3@DHCR24@ACOT7@ME2@SLC27A2@ACAA2@CBR1@ALDH1L2@ACSF2@IDH3G@AASS@IDH3B@XDH	COQ6@HSD17B1@NDUFB3@NDUFA8@NDUFS1@TXNRD1@NDUFA5@GRHPR@FADS3@DPYD@NDUFS4@NDUFB10@NDUFV2@NDUFV3@BLVRA@NDUFB8@NDUFA6@FADS2@MTHFR@NDUFS3@NDUFV1@GFUS@NDUFB7@NDUFAB1@NDUFA1@FADS1@SC5D@HSD17B7@NDUFS5@GPD1L@GSR@AKR1C2@BLVRB@AKR1B1@CYP4V2@NDUFA4@NDUFB4@NDUFB6@NDUFA10@NDUFA9@NDUFB11@CYP2E1@NDUFS6@NDUFB2@GPD1@FMO1@NDUFA11@CYP21A2@NDUFB1@HSD17B2@NDUFA12@NDUFA3@NDUFA2@CYP24A1@NDUFB9@NDUFS2@NDUFC1@NDUFB5@NDUFS8@NDUFA7@CYP8B1@SCD@NNT@NDUFS7	Uridine diphosphate glucuronic acid@Glutathione@5-Androstenediol
ADP	MAR07667,MAR03871,MAR10115,MAR03773,MAR04032,MAR06343,MAR09893,MAR09882,MAR04358,MAR11799,MAR00435,MAR04570,MAR08730,MAR03998,MAR02997,MAR00065,MAR05284,MAR12541,MAR02290,MAR09517,MAR11802,MAR07895,MAR04024,MAR01661,MAR04420,MAR11627,MAR11577,MAR05299,MAR06588,MAR11786,MAR12341,MAR11622,MAR12297,MAR12394,MAR12269,MAR11714,MAR04206,MAR00375,MAR12831,MAR04054,MAR08117,MAR11377,MAR07650,MAR00207,MAR08819,MAR11599,MAR12383,MAR10452,MAR01664,MAR05444,MAR08477,MAR12870,MAR01634,MAR09503,MAR00334,MAR07887,MAR02298,MAR03890,MAR12284,MAR08114,MAR00744,MAR12788,MAR00194,MAR10075,MAR01696,MAR01628,MAR10079,MAR11619,MAR00202,MAR00080,MAR12399,MAR08892,MAR04320,MAR00215,MAR05166,MAR11621,MAR04641,MAR08654,MAR07637,MAR07129,MAR12153,MAR12274,MAR10125,MAR07884,MAR01472,MAR01451,MAR09906,MAR11625,MAR04291,MAR00269,MAR20126,MAR04058,MAR08824,MAR12195,MAR08761,MAR12344,MAR05282,MAR01596,MAR10104,MAR11768,MAR12410,MAR03473,MAR06864,MAR03325,MAR04810,MAR09535,MAR00243,MAR07738,MAR11771,MAR07681,MAR05415,MAR06575,MAR06335,MAR03011,MAR12828,MAR11776,MAR00363,MAR06625,MAR11760,MAR00119,MAR02352,MAR12082,MAR06573,MAR05290,MAR12816,MAR04324,MAR08799,MAR11809,MAR06328,MAR11718,MAR02385,MAR02424,MAR03481,MAR04004,MAR11578,MAR11592,MAR06592,MAR07652,MAR11386,MAR04715,MAR07755,MAR05429,MAR11716,MAR01857,MAR07633,MAR06341,MAR07834,MAR12786,MAR12841,MAR11772,MAR05443,MAR01868,MAR05154,MAR01583,MAR04379,MAR06506,MAR04731,MAR06589,MAR11615,MAR12240,MAR08805,MAR08663,MAR12467,MAR04149,MAR12811,MAR04512,MAR11766,MAR04793,MAR11767,MAR11597,MAR07658,MAR12157,MAR10110,MAR03300,MAR00261,MAR00448,MAR11710,MAR12754,MAR10454,MAR05274,MAR11620,MAR03308,MAR04066,MAR06926,MAR04186,MAR12150,MAR11770,MAR11722,MAR01870,MAR09880,MAR00335,MAR12821,MAR06580,MAR11581,MAR07893,MAR00431,MAR12169,MAR09910,MAR11698,MAR04026,MAR11610,MAR12280,MAR07801,MAR05442,MAR09799,MAR04633,MAR02386,MAR12838,MAR20112,MAR04803,MAR11595,MAR03999,MAR08113,MAR04368,MAR04595,MAR06542,MAR05160,MAR00239,MAR11606,MAR06566,MAR06587,MAR04394,MAR08110,MAR00277,MAR00677,MAR05153,MAR06581,MAR12278,MAR11607,MAR04675,MAR07908,MAR09881,MAR00311,MAR08814,MAR08667,MAR00673,MAR05152,MAR06563,MAR07816,MAR08930,MAR01911,MAR09897,MAR11708,MAR10101,MAR09466,MAR00295,MAR04269,MAR11594,MAR08800,MAR05163,MAR09528,MAR00347,MAR04402,MAR00457,MAR04326,MAR05261,MAR04012,MAR12287,MAR07967,MAR00231,MAR07913,MAR11626,MAR07736,MAR09899,MAR11624,MAR11596,MAR12176,MAR06337,MAR06916,MAR06555,MAR06576,MAR03013,MAR03008,MAR12008,MAR04673,MAR00291,MAR00359,MAR04130,MAR09493,MAR12243,MAR11648,MAR05272,MAR04317,MAR04637,MAR04670,MAR03004,MAR08813,MAR04811,MAR05287,MAR08821,MAR00224,MAR06336,MAR07889,MAR11612,MAR04490,MAR04494,MAR04480,MAR01396,MAR06816,MAR09800,MAR11792,MAR08816,MAR08726,MAR07162,MAR06597,MAR08658,MAR08105,MAR00351,MAR06342,MAR11380,MAR07635,MAR11572,MAR00674,MAR12787,MAR11695,MAR05162,MAR10014,MAR05446,MAR11796,MAR11611,MAR08772,MAR10073,MAR06551,MAR00419,MAR00247,MAR04028,MAR00773,MAR11598,MAR12193,MAR08815,MAR06579,MAR12782,MAR04044,MAR11757,MAR12523,MAR08633,MAR12850,MAR11706,MAR08826,MAR05445,MAR12013,MAR01872,MAR11613,MAR04338,MAR00094,MAR06775,MAR20129,MAR20116,MAR07912,MAR01897,MAR04513,MAR00676,MAR07636,MAR12256,MAR11593,MAR12237,MAR07691,MAR11774,MAR11605,MAR04350,MAR12348,MAR07910,MAR11603,MAR11604,MAR00317,MAR05332,MAR06567,MAR03017,MAR04180,MAR00476,MAR07894,MAR08831,MAR12441,MAR00371,MAR10103,MAR00427,MAR05164,MAR07799,MAR12142,MAR08661,MAR12823,MAR12029,MAR08825,MAR08106,MAR12184,MAR00299,MAR11388,MAR08478,MAR00387,MAR01896,MAR12537,MAR02221,MAR00253,MAR01853,MAR04143,MAR08107,MAR04718,MAR11702,MAR00307,MAR00441,MAR04297,MAR03968,MAR11769,MAR07892,MAR04340,MAR07911,MAR07692,MAR07986,MAR10109,MAR11602,MAR07845,MAR04907,MAR11628,MAR10100,MAR04065,MAR05151,MAR03873,MAR04253,MAR11700,MAR05158,MAR01861,MAR11618,MAR10010,MAR05285,MAR07634,MAR11614,MAR07888,MAR12147,MAR05353,MAR04016,MAR00399,MAR12465,MAR04906,MAR06596,MAR07656,MAR05288,MAR08445,MAR05392,MAR04414,MAR07886,MAR08112,MAR01520,MAR11795,MAR12161,MAR05165,MAR12428,MAR12461,MAR11582,MAR08459,MAR11623,MAR07882,MAR01445,MAR10102,MAR11778,MAR08935,MAR11601,MAR00141,MAR12514,MAR07747,MAR12081,MAR00675,MAR09903,MAR11765,MAR11794,MAR10082,MAR11761,MAR12180,MAR06812,MAR00329,MAR12171,MAR00439,MAR12376,MAR01636,MAR06574,MAR06595,MAR07982,MAR04034,MAR07800,MAR00450,MAR00415,MAR03889,MAR00395,MAR04152,MAR04528,MAR00379,MAR08804,MAR04808,MAR11394,MAR08109,MAR04799,MAR06392,MAR00211,MAR11793,MAR07883,MAR12234,MAR04666,MAR12189,MAR12303,MAR08811,MAR08115,MAR12350,MAR11374,MAR00604,MAR07990,MAR11383,MAR00058,MAR08830,MAR00367,MAR00423,MAR09505,MAR11724,MAR08108,MAR00052,MAR04612,MAR12407,MAR08829,MAR12464,MAR12300,MAR05263,MAR04018,MAR03303,MAR00760,MAR00411,MAR11712,MAR12164,MAR00303,MAR04802,MAR05280,MAR11616,MAR00265,MAR00383,MAR02425,MAR12570,MAR11608,MAR09497,MAR00636,MAR08116,MAR12260,MAR01594,MAR10453,MAR00281,MAR04714,MAR06568,MAR01659,MAR09901,MAR04068,MAR11704,MAR07881,MAR07876,MAR00678,MAR08074,MAR12466,MAR04030,MAR00355,MAR08458,MAR00190,MAR12266,MAR12760,MAR12776,MAR20122,MAR06544,MAR00257,MAR12291,MAR10451,MAR04020,MAR11762,MAR03208,MAR11591,MAR05157,MAR04265,MAR08850,MAR09879,MAR10020,MAR10155,MAR04730,MAR12547,MAR00391,MAR07672,MAR00287,MAR00648,MAR07885,MAR04319,MAR04635,MAR00470,MAR04135,MAR00087,MAR11609,MAR05265,MAR08827,MAR04083,MAR05259,MAR09877,MAR00325,MAR12252,MAR09488,MAR04008,MAR01314,MAR00339,MAR12545,MAR11600,MAR04483,MAR06554,MAR07909,MAR04002,MAR03313,MAR10126,MAR11726,MAR12248,MAR04601,MAR07629,MAR11764,MAR08803,MAR04310,MAR03895,MAR07737,MAR08934,MAR11720,MAR11758,MAR12470,MAR11587,MAR00460,MAR12262,MAR01622,MAR04640,MAR01555,MAR05278,MAR12852,MAR07878,MAR00407,MAR08143,MAR06779,MAR01874,MAR07891,MAR12010,MAR07964,MAR04572,MAR11617,MAR05258,MAR12458,MAR20131,MAR06546,MAR04318,MAR11590,MAR07825,MAR04567,MAR00343,MAR00273,MAR11589,MAR00198,MAR01442,MAR08274,MAR04006,MAR06548,MAR11696,MAR11759,MAR12793,MAR04194,MAR11763,MAR00235,MAR01618,MAR05276,MAR05286,MAR08427,MAR01444,MAR04524,MAR03014,MAR07890,MAR10117,MAR04600,MAR12294,MAR11773,MAR12373,MAR03318,MAR09467,MAR04908,MAR04476,MAR04268,MAR11588,MAR01448,MAR12083,MAR04584,MAR05159,MAR07875,MAR12556,MAR00403,MAR01895,MAR00321	AK4@AK1@TXN@ACADM@AK6@PGK1@AK5@CMPK2@CKMT1B@ABCD3@PANK3@FCSK@PANK2@FAM20B@FGGY@ACAD8@FN3K@AK7@NME7@CKMT1A@SUCLA2@ACAD9@SUCLG1@SLC25A6@RRM1@MCCC1@PANK1@IDNK@GUK1@RRM2B@CRISP3@SLC25A4@SHPK@KHK@ACADVL@XYLB@AK9@AK3@DTYMK@CKM@CKB@BCKDK@DGKZ@SUCLG2@RBKS@NME1@SLC25A17@CKMT2@NME4@AK2@DCK@PMVK@AK8@SLC25A5@NOL9@MCCC2@DGKI@RRM2@NME3@ITPK1@NME6@TXN2@FN3KRP@BRPF1@PGK2@ACOX3@TTL@CMPK1@NME2	ATP6V0A1@PCCA@ATP2A2@CA1@PHKB@CTSF@ATP6V1B2@APOC2@PIK3R1@OPLAH@ATP12A@ATP6V1B1@CTSK@ATP6V0C@ACACB@ABCA8@POLRMT@MTHFD1@NMRK1@ITPKB@CA7@CA5B@MTPAP@ATP6V0A2@MYLK4@POLR2A@PI4KA@GNE@ATP6V0B@TUT1@ATP11C@HK2@CTSC@FHIT@CA3@COASY@CAD@MVK@ABCG8@BCAP31@ABCC11@PFKM@IP6K3@ATP6V1G1@GCK@POLR2E@GLYCTK@ATP1A1@PDZD4@ABCD1@PIP5KL1@ABCA4@DGKK@ATP1A2@AP1G1@SLC27A3@SLC51A@PAPOLA@UCK1@TKFC@PFKL@PIP5K1A@GART@POLR1E@POLR2D@UCKL1@SLC17A7@DGKQ@HACD1@ABCB11@PI4K2B@POLR2K@SLC32A1@MTHFS@DGKD@GALK2@SLC27A5@DGKG@PIK3CB@PIK3R3@TK2@PIKFYVE@TUT7@PCCB@PAPSS2@ETNK1@PI4KB@NMRK2@POLR1D@ABCC3@SLC52A3@ATP2A3@ATP6V1A@SLC23A2@POLR3GL@SLC27A4@ATP2B2@CA12@GRK2@ITPKC@POLR2C@IPMK@PIP5K1C@FGA@ACSS2@AGK@ATP4A@ALDH18A1@CERK@DGUOK@MYLK2@NADK2@POLR3A@CA13@BMP1@SLC52A2@ABCA1@ETNK2@POLR2H@SLC18A2@GSS@CTSS@PHKA2@ATP2B3@POLR2G@SLC25A19@APOB@PAICS@IP6K1@MYLK@GLUL@PC@PFKFB2@PHKG1@PDK4@GRK7@HK3@PIP4K2C@POLR3G@CALM3@POLR1B@DGKE@ATP2A1@CA4@POLR2B@ABCG5@POLR3F@CTSW@ATP6AP1@HKDC1@CTSH@PFKFB4@DBP@CTSL@GK5@POLR1H@PAPOLB@PFAS@ATP4B@NADK@CTSA@POLR3D@ATP2C1@ATP1A3@POLR2J@IP6K2@APOE@ATP6V0D2@LGMN@PIP5K1B@ALB@ABCB6@APOC1@CA2@ABCC5@POLR3K@CA6@PDK1@ABCC2@ATP6V0E1@ATP8B1@TUT4@ATP2B4@ABCG1@MVD@PIK3R2@PIK3CA@CTSE@MTHFD1L@ABCB1@ATP6V1C2@SLC18A3@PFKFB1@SLC23A1@CHKB@RALBP1@ACLY@ATP6V1C1@ATP6V1G3@ITPKA@POLR2F@CTSO@RFK@ATP10A@ATP1A4@ABCC4@ATP2B1@SRPK3@DGKB@PHKG2@F2@SLC18A1@TPK1@SLC17A6@ADK@SPHK1@APOC3@SLC17A8@SPHK2@ABCD2@CTSD@SLC27A6@ATP6V1E1@PAPSS1@ABCC1@ATP6V0A4@CTSV@PI4K2A@GRK1@ACACA@SLC27A2@GK@CALM2@POLR3C@FAM227B@PPIP5K1@POLR1C@ATP6V1H@NAGK@POLR3H@SLC6A8@PDXK@PDK2@PIK3C2A@PIK3R5@ABCB4@PFKP@ATP2C2@SERPINA3@MTHFD2L@PLG@PIK3C2G@POLR3E@GRK3@TCIRG1@PIK3CD@FPGS@ATP6V1E2@IPPK@CTPS2@PIP4K2A@SLC52A1@GCLC@ATP1B1@PNCK@CTSZ@PPIP5K2@CPS1@UCK2@ABCA3@POLR1A@GK3P@TPP1@ATP6V0D1@TFRC@CTPS1@GCLM@ABCG2@PIK3C2B@POLR3B@ATP8A1@CA9@POLR2L@CTSB@DGKA@SLC51B@SERPINA1@GALK1@SLC27A1@ATP6V1F@ATP6V1G2@CA14@ATP8B2@TENT2@PIK3CG@PIP4K2B@MTHFD2@TK1@PHKA1@SLC5A6@NAE1@HACD2@HK1@PFKFB3@CHKA@ATP1B4@POLR2I@PDK3@CA5A@ATP6V1D@ADA@IDH3G@CTSG@PIK3C3@ATP11A@ATP1B2@ATP1B3@PAPOLG@GK2@DGKH@MYLK3	ATP5PO@ATP5ME@ATP5F1A@ENTPD5@ADPGK@ATP5MGL@ATP5MG@ATP5PF@ATP5F1C@ATP5MF@ATP5F1B@ENTPD6@ENTPD4@CANT1@ENTPD8@ATP5F1D@ENTPD3@ATP5MC3@ATP5MC2@ATP5MC1@PKLR@ATP5F1E@ATP5PD@ENTPD2@PKM@ATP5PB@ENTPD1	LysoPC(18:0 or 0:0)@Gluconic acid@Histamine@Acetaminophen@Docosatrienoic acid@Glutathione@Chenodeoxycholic acid glycine conjugate@Glycoursodeoxycholic acid@Glycocholic acid@Taurodeoxycholic acid@Acetylcholine@Uridine 5'-diphosphate@Cholic acid@D-Glucose@Chenodeoxycholic acid@5,8,11-Eicosatrienoic acid@Taurochenodesoxycholic acid@LysoPC(18:1(9Z) or 0:0)@Taurocholic acid
Uridine 5'-diphosphate	MAR07870,MAR07980,MAR06837,MAR01524,MAR06798,MAR12829,MAR07959,MAR12812,MAR08190,MAR08467,MAR00925,MAR00905,MAR03052,MAR12167,MAR12272,MAR00906,MAR08191,MAR08263,MAR07443,MAR08717,MAR12277,MAR00875,MAR07368,MAR07353,MAR07214,MAR12251,MAR00892,MAR06705,MAR08173,MAR07496,MAR02637,MAR10443,MAR07358,MAR07884,MAR07471,MAR12444,MAR02617,MAR00082,MAR12843,MAR12246,MAR08248,MAR08317,MAR06985,MAR00901,MAR08288,MAR07202,MAR12347,MAR07520,MAR09727,MAR07323,MAR12758,MAR07521,MAR02632,MAR07039,MAR12178,MAR08152,MAR00801,MAR12732,MAR07477,MAR07215,MAR07336,MAR07370,MAR07349,MAR07364,MAR06800,MAR07872,MAR00827,MAR11321,MAR07327,MAR00881,MAR00891,MAR02615,MAR07333,MAR07445,MAR08251,MAR09574,MAR07181,MAR12822,MAR00857,MAR02631,MAR07568,MAR00809,MAR06799,MAR02464,MAR00921,MAR12462,MAR07066,MAR12403,MAR07868,MAR07328,MAR12515,MAR06685,MAR03051,MAR05396,MAR12247,MAR12558,MAR04301,MAR07438,MAR00879,MAR04621,MAR07065,MAR07535,MAR12258,MAR08255,MAR12528,MAR01820,MAR05395,MAR20162,MAR08285,MAR07352,MAR08379,MAR07205,MAR07340,MAR02461,MAR00865,MAR08281,MAR07361,MAR07212,MAR06666,MAR12412,MAR08292,MAR07278,MAR08151,MAR07346,MAR07207,MAR08250,MAR02627,MAR12175,MAR06843,MAR08249,MAR12273,MAR07451,MAR08729,MAR20147,MAR08479,MAR07185,MAR12333,MAR07344,MAR00816,MAR07347,MAR00842,MAR00860,MAR08284,MAR08278,MAR07162,MAR00081,MAR04061,MAR08198,MAR07987,MAR12728,MAR12191,MAR07341,MAR07440,MAR07203,MAR12335,MAR08302,MAR06704,MAR03207,MAR02470,MAR00867,MAR12873,MAR06801,MAR02463,MAR06668,MAR07180,MAR07209,MAR07174,MAR08279,MAR02628,MAR06842,MAR07208,MAR07863,MAR07359,MAR08277,MAR12002,MAR07962,MAR00887,MAR08713,MAR12517,MAR08187,MAR12187,MAR08694,MAR07965,MAR08149,MAR12736,MAR08254,MAR04525,MAR06495,MAR08186,MAR08457,MAR06490,MAR08485,MAR12453,MAR00926,MAR00843,MAR12254,MAR03169,MAR09573,MAR07536,MAR02469,MAR12495,MAR07478,MAR00889,MAR12765,MAR07866,MAR07867,MAR07362,MAR07211,MAR07326,MAR12174,MAR07175,MAR04059,MAR07674,MAR07469,MAR08456,MAR12516,MAR00919,MAR07984,MAR08298,MAR07356,MAR08306,MAR07444,MAR08148,MAR08201,MAR01818,MAR07475,MAR12259,MAR08147,MAR06679,MAR08316,MAR06836,MAR07873,MAR12250,MAR07813,MAR07337,MAR06720,MAR07493,MAR08166,MAR07355,MAR06828,MAR08192,MAR00761,MAR12721,MAR07883,MAR00856,MAR07265,MAR02619,MAR07325,MAR12421,MAR07213,MAR07495,MAR12557,MAR12168,MAR08693,MAR12995,MAR08165,MAR07367,MAR12255,MAR00829,MAR07865,MAR04210,MAR04060,MAR12770,MAR02468,MAR08293,MAR08257,MAR12003,MAR02467,MAR07876,MAR06984,MAR00868,MAR00884,MAR07480,MAR08150,MAR00810,MAR12188,MAR12192,MAR07343,MAR03031,MAR08267,MAR01351,MAR07869,MAR07436,MAR07210,MAR06830,MAR06686,MAR12367,MAR04766,MAR00924,MAR07365,MAR00859,MAR00815,MAR08275,MAR01353,MAR08276,MAR08185,MAR04008,MAR06667,MAR06680,MAR02462,MAR07206,MAR07494,MAR07448,MAR00890,MAR00806,MAR07200,MAR12720,MAR12355,MAR07449,MAR00814,MAR08468,MAR08295,MAR07648,MAR00920,MAR07569,MAR00765,MAR07338,MAR04006,MAR07446,MAR12340,MAR12179,MAR12276,MAR00805,MAR00902,MAR07473,MAR07329,MAR06669,MAR07350,MAR07871,MAR04526,MAR07474,MAR08305,MAR07874,MAR07875,MAR07864	UGT2B11@CMPK2@UGT3A1@UGT2A3@NME7@SLC25A36@ENTPD1@UGT2B10@UGT3A2@ENTPD8@AK9@UGT1A1@ENTPD3@UGT2B28@NME1@NME4@UGT2B15@DCK@UGT2B4@NME3@NME6@UGT2B17@UGT2B7@SLC25A33@CMPK1@NME2	HERC3@GLT8D1@UGCG@GALNT8@POLR3GL@FUT9@XYLT1@STT3A@ALG5@ALG1L2@GALNT14@ALG14@EXTL1@PFKP@B3GALT4@CSGALNACT2@B4GALNT2@CHSY1@EXTL3@B4GAT1@POLR3K@POLR2C@EXT1@PIGB@POMGNT1@FUT11@C1GALT1@POLR3E@POLRMT@GALNT2@GYS2@GLT6D1@CSGALNACT1@A4GALT@B3GNT8@HAS2@CHSY3@B4GALT2@MTPAP@B4GALT6@TUT4@B3GNTL1@GALNT16@GLT8D2@POLR2A@EXT2@GNE@CHPF2@MGAT3@POLR3A@B4GALT3@B4GALT7@B3GLCT@TUT1@B3GNT3@POLR1A@FUT7@STT3B@GCNT4@POLR2H@A4GNT@GBGT1@B3GALT6@PIGQ@MGAT1@B4GALT5@FUT10@POLR2F@PPP1R3B@POLR3B@B3GALT2@HAS1@PIGM@PFKM@GALNT6@MGAT4B@POLR2G@PPP1R3C@POLR2E@B4GALNT1@GALNT7@GALNT12@B3GNT5@B3GALT1@POLR2L@MGAT5B@PIGP@ABO@UXS1@GALNT18@MGAT5@GCNT7@GCNT1@CHPF@GALNT17@COLGALT1@PIGA@C1GALT1C1@OGT@XYLT2@B3GALNT2@B3GNT7@MGAT2@B3GALNT1@TENT2@PIGZ@ST8SIA1@UGGT1@GALNT3@PIGY@PAPOLA@B4GALT1@PFKL@UGGT2@B3GAT3@POLR3G@GALNT9@GCNT2@GALNT15@POLR1B@LALBA@GALNT5@POLR2B@POLR1E@POLR2D@ALG13@GALNT11@GALNTL6@EXTL2@COLGALT2@MGAT4A@B3GNT6@GALNT10@POLR3F@PLOD3@B3GALT5@GCNT3@GYS1@GALNT13@HAS3@POLR2K@B4GALNT4@B3GNT4@GYG1@POLR2I@PIGC@POLR3C@TUT7@B4GALT4@B3GAT2@MGAT4C@FUT4@UGT8@POLR1C@PIGH@POLR1H@PAPOLB@POLR1D@GALNT1@B3GNT2@POLR3H@PIGV@GYG2@PAPOLG@POLR3D@B4GALNT3@B3GNT9@B3GAT1@POLR2J	RRM2@TXN@ENTPD2@RRM2B@PKLR@NAGA@ENTPD5@ENTPD6@TXN2@ENTPD4@PKM@CANT1@RRM1	D-Glucose@Chenodeoxycholic acid@ADP@Acetaminophen@Cholic acid@Uridine diphosphate glucuronic acid
D-Glucose	MAR08583,MAR08573,MAR08584,MAR03989,MAR04394,MAR08589,MAR01380,MAR08592,MAR08591,MAR07745,MAR04303,MAR04832,MAR05027,MAR00072,MAR00762,MAR00793,MAR07286,MAR07287,MAR08581,MAR08577,MAR04521,MAR09465,MAR04316,MAR05400,MAR05450,MAR12050,MAR08587,MAR04837,MAR08571,MAR08569,MAR05029,MAR08764,MAR04487,MAR08575,MAR07747,MAR01560,MAR08579,MAR01378,MAR08652,MAR07674,MAR08884,MAR07675,MAR04415,MAR04486,MAR09464,MAR01812,MAR00787	SLC2A7@SLC2A4@SLC2A1@SLC2A2@SLC2A11@SLC2A9@SLC2A8@G6PC3@G6PC2@GLB1L@SLC2A12@SLC2A3@SLC2A6@GLB1@SLC5A1@GALM@AKR1B1@SLC2A10@SLC2A14@AKR1B10@SLC2A5@LCT	SI@AGL@AMY1B@SETD5@LYZL1@SLC3A1@GBA2@AMY2A@GAA@GBA@GANAB@MGAM@SLC5A12@SLC5A2@SLC7A9@TREH@SLC5A10@SLC5A9@MOGS@SLC5A11@SLC3A2@PGGHG@GANC@GALC@SAPCD1@CAPN3@KANSL3	HKDC1@B4GALT1@HK1@B4GALT2@LALBA@HK2@HK3@GCK@ADPGK	Maltotetraose@Maltotriose@D-Maltose
D-Maltose	MAR08587,MAR08586,MAR08580,MAR08581,MAR08582,MAR08584,MAR03989,MAR08589,MAR08592,MAR08591	GAA@GANC@AMY1B@LYZL1@SLC2A3@MGAM@AMY2A	SI	CAPN3	Maltotriose
Uridine diphosphate glucuronic acid	MAR02628,MAR07495,MAR12557,MAR02631,MAR06842,MAR07208,MAR07568,MAR06799,MAR02464,MAR07980,MAR12002,MAR07962,MAR12462,MAR08713,MAR12517,MAR12255,MAR07066,MAR06837,MAR12403,MAR06798,MAR12515,MAR06685,MAR12187,MAR07965,MAR03051,MAR07959,MAR12736,MAR12247,MAR12558,MAR12770,MAR02468,MAR06495,MAR12812,MAR08672,MAR06490,MAR04124,MAR07065,MAR03052,MAR12272,MAR07535,MAR12254,MAR12258,MAR03169,MAR12003,MAR09573,MAR02467,MAR08717,MAR12528,MAR12277,MAR02469,MAR01820,MAR08727,MAR07205,MAR04122,MAR12188,MAR12192,MAR02461,MAR03031,MAR07214,MAR12251,MAR07212,MAR06666,MAR07210,MAR06830,MAR06686,MAR12367,MAR04766,MAR06705,MAR12174,MAR04880,MAR02637,MAR02617,MAR02627,MAR12175,MAR06843,MAR06667,MAR07984,MAR12843,MAR12246,MAR06680,MAR02462,MAR12273,MAR08729,MAR07520,MAR12259,MAR12333,MAR06679,MAR02632,MAR07039,MAR12178,MAR12355,MAR06836,MAR07648,MAR12250,MAR07569,MAR12728,MAR07987,MAR12179,MAR12191,MAR12276,MAR12335,MAR06800,MAR07493,MAR06669,MAR06704,MAR03207,MAR02470,MAR06828,MAR11321,MAR06801,MAR02463,MAR06668,MAR02615,MAR02619,MAR09574	UGT1A1@UGT2B4@UGT2B28@SLC35D1@UGT2B11@UGT2B17@UGT2B10@UGT3A1@UGT2B7@UGT2A3@UGT3A2@UGT2B15	UGDH	EXT2@UXS1@CHPF2@ALG5@HAS3@CHPF@CSGALNACT2@CHSY1@EXT1@B3GAT2@B3GAT3@CSGALNACT1@HAS2@CHSY3@HAS1@B3GAT1	Uridine 5'-diphosphate
Maltotetraose	MAR08577,MAR08576,MAR08579,MAR08578	LYZL1@AMY1B@AMY2A			
Maltotriose	MAR08579,MAR08581,MAR08580,MAR08592,MAR08591,MAR08578	LYZL1@AMY1B@AMY2A		GANC@GAA@MGAM	Maltotetraose
Glutathione	MAR06228,MAR07041,MAR02402,MAR02073,MAR07029,MAR02096,MAR02113,MAR02106,MAR01367,MAR03943,MAR06100,MAR02095,MAR06061,MAR06066,MAR02074,MAR06099,MAR04176,MAR06062,MAR06238,MAR06230,MAR01081,MAR01054,MAR05442,MAR03942,MAR02084,MAR02070,MAR07097,MAR08771,MAR02085,MAR06060,MAR06972,MAR01053,MAR04436,MAR03853,MAR02112,MAR03963,MAR02097,MAR02068,MAR04937,MAR06811,MAR08530,MAR06226,MAR06824,MAR08502,MAR03046,MAR02072,MAR01050,MAR07050,MAR04120,MAR03945,MAR09806,MAR01121,MAR06103,MAR08769,MAR02108,MAR06102,MAR06815,MAR08511,MAR03976,MAR04116,MAR06064,MAR06216,MAR04121,MAR01037,MAR04175,MAR01122,MAR01370,MAR07093,MAR03938,MAR03941,MAR02075,MAR03857,MAR04118,MAR06225,MAR06065,MAR03926,MAR02086,MAR07080,MAR06067,MAR06215,MAR00988,MAR01398,MAR01119,MAR01039,MAR02111,MAR06723,MAR04326,MAR07022,MAR06231,MAR06883,MAR02552,MAR01877,MAR06224,MAR07079,MAR06105,MAR06236,MAR06239,MAR06063,MAR03155,MAR06104,MAR03868,MAR03961,MAR03161,MAR03935,MAR01120,MAR07003,MAR06097,MAR06232,MAR03154,MAR02107,MAR07089,MAR06233,MAR07100,MAR06995,MAR06235,MAR06237,MAR03937,MAR07092,MAR05337,MAR02995,MAR12023,MAR06820,MAR02109,MAR02069,MAR03869,MAR02110,MAR01879,MAR06219,MAR03124,MAR06214,MAR06223,MAR03978,MAR06107,MAR08550,MAR06221,MAR03973,MAR07083,MAR03870,MAR01063,MAR01379,MAR02098,MAR06886,MAR06234,MAR06106,MAR02083,MAR03159,MAR06222,MAR01384,MAR07013,MAR00960,MAR00963,MAR02071,MAR01876,MAR06227,MAR07084,MAR06240,MAR06218,MAR06998,MAR06217,MAR06095,MAR01875,MAR06229,MAR07103	GSTO2@MGST1@PRDX6@ADH5@SLCO2A1@GSTA2@ADH1B@GGT1@GSTM4@GPX2@GPX1@ADH7@ADH4@PTGES@GPX5@GPX7@TRMT12@UBIAD1@GSTM1@SLCO1B1@GSTO1@GPX6@LTC4S@GSTA5@HMGCL@DHDDS@MGST3@GPX4@GSTK1@SLC7A9@GPX8@GPX3@GSTM2@ADH6@GGCT@MGST2@ADHFE1@GSTA3@AKR1C3@GSTM3@GGT7@HPGDS@COX10@SLCO1A2@SLCO1B3@ADH1C@GSTP1@GSTA1@ADH1A@GGT5@GGTLC2@ARID4B@GGT6@GSTA4@GSTZ1@GSTM5	GSR@HAGH@GSS@HAGHL@SLC25A39@ESD@ABCC5@SLC25A40	GGTLC1@GLO1@PDIA6@PRDX1@TMX3@PDIA4@PDIA5@PRDX3@PRDX5@P4HB@PRDX2@GLOD4@ALOX12@PDIA3	NADH@Cysteinylglycine
6-Phosphogluconic acid	MAR04474,MAR04625,MAR04623,MAR04473,MAR04476	IDNK	H6PD@PGLS	PGD	Gluconic acid
Gluconic acid	MAR04476	IDNK			6-Phosphogluconic acid@ADP
Guanine	MAR04518,MAR04985,MAR09518,MAR04603,MAR04452,MAR04651	QTRT1@QTRT2@PNP@SLC29A2		HPRT1@GDA	
Deoxyinosine	MAR08473,MAR04694,MAR06369,MAR07880,MAR04709,MAR06354,MAR06365	PNP	SLC28A2@SLC29A2@SLC28A3@ADA@NT5C@SLC29A1@ADA2		
Ureidopropionic acid	MAR04346,MAR04347		DPYS@DPYSL2	UPB1	
Thymine	MAR04470,MAR04485,MAR04471,MAR04980,MAR04472	TYMP@SLC29A2		DPYD	
Dihydrothymine	MAR04472,MAR04471,MAR04470,MAR04736		DPYD	DPYS	NADH@Thymine
Guanidoacetic acid	MAR04583,MAR04582	GATM@GAMT			
N1-Acetylspermine	MAR06958,MAR06929,MAR06930,MAR06959	SAT1@SAT2		PAOX@SMOX	
Cysteinylglycine	MAR04937,MAR04328,MAR04329,MAR04175,MAR07680,MAR08769,MAR04176	GGT7@GGT1@GGTLC2@GGT5@GGT6	SLC15A1@GGTLC1@SLC15A2	LAP3@ANPEP@NPEPPS	Glutathione
Carnosine	MAR04425,MAR04427,MAR06872,MAR06871,MAR04426	NAA60@NAA30@NAA20@NAA10@NAA15@NAA11	SLC15A4@SLC15A3@SLC15A1@CARNS1	CNDP2@CNDP1	
Histamine	MAR07633,MAR04435,MAR11777,MAR04434,MAR04433,MAR04429,MAR04436,MAR04999,MAR04428,MAR01442,MAR08783	SLCO1A2@SLC22A3@SLCO1B3@SLC22A1@SLC22A2	HDC@SLC18A1@DDC@SLC18A2	HNMT@AOC1@AOC2@AOC3	
1-Methylhistamine	MAR04430,MAR11782,MAR04429,MAR11777	SLC22A3	HNMT	MAOB@MAOA@AOC1@AOC2@AOC3	Histamine
Kynurenic acid	MAR04222,MAR02765,MAR09576	SLC22A6@SLC22A8	KYAT3@KYAT1@AADAT		
Phenylpyruvic acid	MAR06726,MAR01616,MAR06725,MAR06727,MAR11443,MAR11442	GOT1@GOT2@TAT@MPC1@SLC16A7@SLC16A3@MPC2@SLC16A1		HPD@MIF	
L-Cystine	MAR08687,MAR03995,MAR04931,MAR06891,MAR08683,MAR06892	ATG9B@TXNRD1@TXNRD2	SLC3A2@SLC3A1@SLC7A6@SLC7A11@SLC7A9	CTH	
5,8,11-Eicosatrienoic acid	MAR02971,MAR03710,MAR00305,MAR00307,MAR03564,MAR00304,MAR20021,MAR00306		FABP5@FABP4@FABP12@BAAT@FABP7@SLC27A4@CD36@FABP1@ABCA1@SLC27A3@ACOT1@SLC27A1@FABP2@FABP6@CEL@SLC27A6@LIPA@FABP9@ACOT6@FABP3	ACSBG1@ACSBG2@ACSL4@SLC27A2@CYP2E1@ACSL6@ACSL5@ACSL1@ACSL3	
Docosatrienoic acid	MAR02990,MAR03729,MAR00386,MAR00384,MAR00387,MAR00385,MAR03583		FABP5@FABP4@FABP12@BAAT@FABP7@SLC27A4@CD36@FABP1@ABCA1@SLC27A3@SLC27A1@FABP2@FABP6@CEL@SLC27A6@LIPA@FABP9@ACOT6@FABP3	ACSBG1@ACSBG2@ACSL4@SLC27A2@ACSL6@ACSL5@ACSL1@ACSL3	
Dodecanoylcarnitine	MAR02602,MAR02603,MAR02604,MAR02787,MAR02788	CPT1B@CPT2@CRAT@SLC25A20@CPT1C@SLC22A1@SLC22A4@SLC22A9@SLC25A29@SLC22A5@CPT1A			
5-Androstenediol	MAR02022,MAR03400,MAR02024	HSD3B2@HSD3B1			NADH
Acetylcholine	MAR06216,MAR00058,MAR01904,MAR00641,MAR01906,MAR06245,MAR00640,MAR08421,MAR01905,MAR07681,MAR08362	CHAT@SLCO1A2@SLC22A3@SLCO1B3@SLC22A1@SLC22A2@SLC7A9	SLC18A3	BCHE@ACHE	
MG(0:0 or 20:4(5Z,8Z,11Z,14Z) or 0:0)	MAR01352,MAR03006,MAR03012,MAR03010,MAR01347,MAR01350	PLPP3@LPIN1@PLPPR4@LPIN2@FAAH@LPIN3@PLPPR3@PLPP2@PLPP4@PLPP5@PLPPR2@PLPP1		PTGS1@PTGS2	
Cholic acid	MAR12145,MAR01880,MAR01830,MAR08660,MAR01660,MAR08659,MAR01665,MAR01663,MAR01881,MAR01882,MAR08658,MAR01831,MAR01875,MAR01848,MAR12173	SLCO1A2@SLC27A2@SLCO1B3@SLC27A5@SLC7A9	ACOT8@ABCC3@SLC10A2@SLCO1B1@SLC10A1@ABCB11	CYP3A4@CYP7A1@SULT2A1	
Taurocholic acid	MAR01870,MAR01865,MAR01855,MAR01668,MAR01889,MAR12286,MAR01667,MAR01891,MAR01890,MAR01877,MAR01878,MAR09906	SLCO1B3@SLCO1A2@SLC7A9	ABCC3@SLC10A2@SLCO1B1@SLC51B@ABCC4@ABCC11@BAAT@ABCA8@SLC10A1@SLC51A@SLCO4A1@ABCB11	SULT2A1	
Glycocholic acid	MAR01883,MAR01876,MAR01885,MAR00083,MAR01670,MAR01863,MAR01852,MAR08879,MAR01862,MAR01868,MAR12236,MAR01884	SLCO1B3@SLC10A1@SLCO1A2@SLC7A9	ABCC3@SLC10A2@SLCO1B1@SLC51B@ABCC4@ABCC11@BAAT@SLC51A@ABCB11	SULT2A1	
Chenodeoxycholic acid	MAR12183,MAR01729,MAR01853,MAR12146,MAR12175,MAR01864,MAR01730,MAR01888,MAR01716,MAR01887,MAR01886,MAR02940,MAR12174,MAR12178,MAR01718,MAR12179,MAR01727,MAR01726	SLCO1B3@ACOT7@SLCO1A2@SLC7A9	ABCC2@SLC10A2@ABCC1@BAAT@ACOT4@ACOT6@SLC10A1@ACOT1@STS	CYP3A4@SLC27A2@UGT2B7@UGT2A3@SULT2A1@SLC27A5	
Taurochenodesoxycholic acid	MAR12289,MAR01723,MAR01894,MAR01893,MAR01872,MAR01720,MAR01892,MAR01866,MAR01879,MAR12290	SLCO1B3@SLCO1A2@SLC7A9	ABCC3@SLC10A2@SLC51B@ABCC4@ABCC1@BAAT@SLC10A1@SLC51A@ABCB11	CYP3A4@SULT2A1	
Chenodeoxycholic acid glycine conjugate	MAR01874,MAR00085,MAR12239,MAR01867,MAR01722,MAR00084		ABCC3@SLC10A2@SLC51B@ABCC4@BAAT@SLC10A1@SLC51A@ABCB11	SULT2A1	
Taurodeoxycholic acid	MAR10020,MAR01835,MAR01837,MAR12293	BAAT	ABCB11@ABCC3@ABCC11	SULT2A1	
Hypotaurine	MAR13083,MAR03910,MAR04679,MAR03911		GAD1@GAD2@CSAD@ADO	FMO1	NADH
Quinolinic acid	MAR09819,MAR04251	SLC22A6		QPRT	
Nicotinamide ribotide	MAR01542,MAR04267,MAR04264,MAR08790,MAR04262,MAR04263,MAR04265		NMRK2@NUDT12@NMRK1@NAMPT	NT5C1A@ACP3@NT5C1B@NT5C2@NT5E@NMNAT1@NT5M@NT5C@NT5C3A@NT5C3B@NMNAT2@NMNAT3	
Glycoursodeoxycholic acid	MAR10446,MAR06083,MAR12245,MAR05438,MAR06084,MAR10452,MAR06085,MAR06065	SLCO1B3@SLCO1A2	ABCC3@SLC10A2@ABCC11@BAAT@SLC10A1@ABCB11	SULT2A1	
Adipic acid	MAR04447		ACOT8		
p-Cresol sulfate	MAR10460		SULT1A1		
LysoPC(18:1(9Z) or 0:0)	MAR11610		ABCB4@ATP8B1@ATP10A@ATP8B2@ABCA1		
LysoPC(18:0 or 0:0)	MAR11612		ABCB4@ATP8B1@ATP10A@ATP8B2@ABCA1		
Acetaminophen	MAR12462,MAR12470,MAR12461,MAR12468,MAR12387		ABCB1@ABCC3	CYP2E1@UGT1A1@CYP2A6@SULT1A1	
Allantoin	MAR10116		URAD		
